peptide,full_name,slug,category,categoryLabel,dosageOptions,lot,variants,variantSlugs,targetFilename,reason
"Gonadorelin Acetate","Gonadorelin Acetate 2mg","imported-gonadorelin-acetate-2mg","research","Research Peptide","2","IMP-0031","1","imported-gonadorelin-acetate-2mg","gonadorelin.jpg","missing-file"
"NA Selank amidate","NA Selank amidate 30mg","imported-na-selank-amidate-30mg","research","Research Peptide","30","IMP-0032","1","imported-na-selank-amidate-30mg","na-selank-amidate.jpg","placeholder"
"Oxytocin Acetate","Oxytocin Acetate","imported-oxytocin-acetate","research","Research Peptide","2/5","IMP-0033","1","imported-oxytocin-acetate","oxytocin.jpg","missing-file"
"Epithalon","Epithalon","imported-epithalon","research","Research Peptide","10/40/50","IMP-0036","1","imported-epithalon","epithalon.jpg","placeholder"
"ACE‑031","ACE‑031 1mg","imported-ace-031-1mg","research","Research Peptide","1","IMP-0041","1","imported-ace-031-1mg","ace-031-1mg.jpg","missing-file"
"AICAR","AICAR","imported-aicar","research","Research Peptide","50/100","IMP-0042","1","imported-aicar","aicar.jpg","missing-file"
"Adipotide","Adipotide 5mg","imported-adipotide-5mg","research","Research Peptide","5","IMP-0044","1","imported-adipotide-5mg","adipotide.jpg","missing-file"
"Semax+ Selank","Semax 10 mg + Selank 10 mg 20mg","imported-semax-10-mg-selank-10-mg-20mg","research","Research Peptide","20","IMP-0046","1","imported-semax-10-mg-selank-10-mg-20mg","semax-10-mg-selank-10.jpg","placeholder"
"Semaglutide","Semaglutide","imported-semaglutide","research","Research Peptide","2/5/10/15/20/30","IMP-0047","1","imported-semaglutide","semaglutide.jpg","placeholder"
"GHRP‑2 Acetate","GHRP‑2 Acetate","imported-ghrp-2-acetate","research","Research Peptide","5/10","IMP-0053","1","imported-ghrp-2-acetate","ghrp-2.jpg","placeholder"
"GHRP‑6 Acetate","GHRP‑6 Acetate","imported-ghrp-6-acetate","research","Research Peptide","5/10","IMP-0055","1","imported-ghrp-6-acetate","ghrp-6.jpg","placeholder"
"CJC‑1295 without DAC","CJC‑1295 without DAC 2mg","imported-cjc-1295-without-dac-2mg","research","Research Peptide","2","IMP-0057","3","imported-cjc-1295-without-dac-2mg; imported-cjc-1295-without-dac-5mg; imported-cjc-1295-without-dac-10mg","cjc-1295-without-dac.jpg","missing-file"
"CJC‑1295 without DAC+ IPA","CJC‑1295 without DAC 5 mg + IPA 5 mg 10mg","imported-cjc-1295-without-dac-5-mg-ipa-5-mg-10mg","research","Research Peptide","10","IMP-0060","1","imported-cjc-1295-without-dac-5-mg-ipa-5-mg-10mg","cjc-1295-without-dac-5-mg-ipa-5.jpg","missing-file"
"CJC‑1295 without DAC+ IPA","CJC‑1295 without DAC 10 mg + IPA 10 mg 20mg","imported-cjc-1295-without-dac-10-mg-ipa-10-mg-20mg","research","Research Peptide","20","IMP-0061","1","imported-cjc-1295-without-dac-10-mg-ipa-10-mg-20mg","cjc-1295-without-dac-10-mg-ipa-10.jpg","missing-file"
"CJC‑1295 with DAC","CJC‑1295 with DAC 2mg","imported-cjc-1295-with-dac-2mg","research","Research Peptide","2","IMP-0062","2","imported-cjc-1295-with-dac-2mg; imported-cjc-1295-with-dac-5mg","cjc-1295-with-dac.jpg","placeholder"
"TB‑500 (Thymosin B4 Acetate)","TB‑500 (Thymosin B4 Acetate) 2mg","imported-tb-500-thymosin-b4-acetate-2mg","research","Research Peptide","2","IMP-0065","1","imported-tb-500-thymosin-b4-acetate-2mg","tb-500-thymosin-b4.jpg","placeholder"
"TB‑500 (FRAG)","TB‑500 (FRAG) 10mg","imported-tb-500-frag-10mg","research","Research Peptide","10","IMP-0069","1","imported-tb-500-frag-10mg","tb-500-frag.jpg","placeholder"
"MGF","MGF 2mg","imported-mgf-2mg","research","Research Peptide","2","IMP-0070","1","imported-mgf-2mg","mgf.jpg","placeholder"
"PEG MGF","PEG MGF 2mg","imported-peg-mgf-2mg","research","Research Peptide","2","IMP-0071","1","imported-peg-mgf-2mg","peg-mgf.jpg","placeholder"
"Sermorelin Acetate","Sermorelin Acetate 2mg","imported-sermorelin-acetate-2mg","research","Research Peptide","2","IMP-0072","4","imported-sermorelin-acetate-2mg; imported-sermorelin-acetate-5mg; imported-sermorelin-acetate-10mg; imported-sermorelin-acetate-15mg","sermorelin.jpg","placeholder"
"AOD‑9604","AOD‑9604 2mg","imported-aod-9604-2mg","research","Research Peptide","2","IMP-0076","3","imported-aod-9604-2mg; imported-aod-9604-5mg; imported-aod-9604-10mg","aod-9604.jpg","missing-file"
"Tesamorelin+ Ipamorelin","Tesamorelin 12 mg + Ipamorelin 6 mg 18mg","imported-tesamorelin-12-mg-ipamorelin-6-mg-18mg","research","Research Peptide","18","IMP-0084","1","imported-tesamorelin-12-mg-ipamorelin-6-mg-18mg","tesamorelin-12-mg-ipamorelin-6-mg-18mg.jpg","placeholder"
"Hexarelin Acetate","Hexarelin Acetate 2mg","imported-hexarelin-acetate-2mg","research","Research Peptide","2","IMP-0088","2","imported-hexarelin-acetate-2mg; imported-hexarelin-acetate-5mg","hexarelin.jpg","placeholder"
"Thymalin","Thymalin 10mg","imported-thymalin-10mg","research","Research Peptide","10","IMP-0096","1","imported-thymalin-10mg","thymalin.jpg","placeholder"
"Thymosin Alpha‑1","Thymosin Alpha‑1 2mg","imported-thymosin-alpha-1-2mg","research","Research Peptide","2","IMP-0097","3","imported-thymosin-alpha-1-2mg; imported-thymosin-alpha-1-5mg; imported-thymosin-alpha-1-10mg","thymosin-alpha-1.jpg","placeholder"
"FOXO4","FOXO4 10mg","imported-foxo4-10mg","research","Research Peptide","10","IMP-0102","1","imported-foxo4-10mg","foxo4.jpg","placeholder"
"LL‑37","LL‑37 5mg","imported-ll-37-5mg","research","Research Peptide","5","IMP-0103","1","imported-ll-37-5mg","ll-37.jpg","placeholder"
"Retatrutide","Retatrutide 5mg","imported-retatrutide-5mg","research","Research Peptide","5","IMP-0104","8","imported-retatrutide-5mg; imported-retatrutide-10mg; imported-retatrutide-15mg; imported-retatrutide-20mg; imported-retatrutide-30mg; imported-retatrutide-40mg; imported-retatrutide-50mg; imported-retatrutide-60mg","retatrutide.jpg","placeholder"
"HGH Fragment 176‑191","HGH Fragment 176‑191 2mg","imported-hgh-fragment-176-191-2mg","research","Research Peptide","2","IMP-0112","2","imported-hgh-fragment-176-191-2mg; imported-hgh-fragment-176-191-5mg","hgh-fragment-176-191.jpg","placeholder"
"Dermorphin","Dermorphin 5mg","imported-dermorphin-5mg","research","Research Peptide","5","IMP-0114","1","imported-dermorphin-5mg","dermorphin.jpg","placeholder"
"5‑amino‑1MQ","5‑amino‑1MQ 5mg","imported-5-amino-1mq-5mg","research","Research Peptide","5","IMP-0118","3","imported-5-amino-1mq-5mg; imported-5-amino-1mq-10mg; imported-5-amino-1mq-50mg","5-amino-1mq.jpg","missing-file"
"Cerebrolysin","Cerebrolysin 60mg","imported-cerebrolysin-60mg","research","Research Peptide","60","IMP-0121","1","imported-cerebrolysin-60mg","cerebrolysin.jpg","missing-file"
"Hyaluronic acid","Hyaluronic acid 5mg","imported-hyaluronic-acid-5mg","research","Research Peptide","5","IMP-0123","1","imported-hyaluronic-acid-5mg","hyaluronic-acid.jpg","placeholder"
"Ara‑290","Ara‑290 10mg","imported-ara-290-10mg","research","Research Peptide","10","IMP-0127","1","imported-ara-290-10mg","ara-290.jpg","missing-file"
"SNAP‑8","SNAP‑8 10mg","imported-snap-8-10mg","research","Research Peptide","10","IMP-0128","1","imported-snap-8-10mg","snap-8.jpg","placeholder"
"Mazdutide","Mazdutide","imported-mazdutide","research","Research Peptide","5/10","IMP-0129","1","imported-mazdutide","mazdutide.jpg","placeholder"
"Survodutide","Survodutide 10mg","imported-survodutide-10mg","research","Research Peptide","10","IMP-0136","1","imported-survodutide-10mg","survodutide.jpg","placeholder"
"Retatrutide+ Cagrilintide","Retatrutide 5 mg + Cagrilintide 5 mg 10mg","imported-retatrutide-5-mg-cagrilintide-5-mg-10mg","research","Research Peptide","10","IMP-0138","1","imported-retatrutide-5-mg-cagrilintide-5-mg-10mg","retatrutide-5-mg-cagrilintide-5.jpg","placeholder"
"VIP","VIP","imported-vip","research","Research Peptide","5/10","IMP-0139","1","imported-vip","vip.jpg","placeholder"
"PE 22‑28","PE 22‑28 10mg","imported-pe-22-28-10mg","research","Research Peptide","10","IMP-0144","1","imported-pe-22-28-10mg","pe-22-28.jpg","placeholder"
"N‑Acetyl Epitalon Amidate","N‑Acetyl Epitalon Amidate","imported-n-acetyl-epitalon-amidate","research","Research Peptide","5/10","IMP-0145","1","imported-n-acetyl-epitalon-amidate","n-acetyl-epitalon-amidate.jpg","placeholder"
"Vilon","Vilon 20mg","imported-vilon-20mg","research","Research Peptide","20","IMP-0147","1","imported-vilon-20mg","vilon.jpg","placeholder"
"Pinealon","Pinealon","imported-pinealon","research","Research Peptide","5/10/20","IMP-0148","1","imported-pinealon","pinealon.jpg","placeholder"
"PNC 27","PNC 27","imported-pnc-27","research","Research Peptide","5/10","IMP-0151","1","imported-pnc-27","pnc-27.jpg","placeholder"
"BPC‑157+ GHK‑Cu+ TB‑500+ KPV","BPC‑157 10 mg + GHK‑Cu 50 mg + TB‑500 10 mg + KPV 10 mg 80mg","imported-bpc-157-10-mg-ghk-cu-50-mg-tb-500-10-mg-kpv-10-mg-80mg","research","Research Peptide","80","IMP-0153","1","imported-bpc-157-10-mg-ghk-cu-50-mg-tb-500-10-mg-kpv-10-mg-80mg","bpc-157-10-mg-ghk-cu-50-mg-tb-500-10-mg-kpv-10.jpg","missing-file"
"Testagen","Testagen 20mg","imported-testagen-20mg","research","Research Peptide","20","IMP-0154","1","imported-testagen-20mg","testagen.jpg","placeholder"
"P21 (no adamantane)","P21 (no adamantane) 10mg","imported-p21-no-adamantane-10mg","research","Research Peptide","10","IMP-0155","1","imported-p21-no-adamantane-10mg","p21-no-adamantane.jpg","placeholder"
"P21 (adamantane)","P21 (adamantane) 10mg","imported-p21-adamantane-10mg","research","Research Peptide","10","IMP-0156","1","imported-p21-adamantane-10mg","p21-adamantane.jpg","placeholder"
"Humanin","Humanin 10mg","imported-humanin-10mg","research","Research Peptide","10","IMP-0157","1","imported-humanin-10mg","humanin.jpg","placeholder"
"Teriparatide","Teriparatide 10mg","imported-teriparatide-10mg","research","Research Peptide","10","IMP-0158","1","imported-teriparatide-10mg","teriparatide.jpg","placeholder"
"Bronchogen","Bronchogen 20mg","imported-bronchogen-20mg","research","Research Peptide","20","IMP-0159","1","imported-bronchogen-20mg","bronchogen.jpg","missing-file"
"Cardiogen","Cardiogen 20mg","imported-cardiogen-20mg","research","Research Peptide","20","IMP-0160","1","imported-cardiogen-20mg","cardiogen.jpg","missing-file"
"Cortagen","Cortagen 20mg","imported-cortagen-20mg","research","Research Peptide","20","IMP-0161","1","imported-cortagen-20mg","cortagen.jpg","missing-file"
"Livagen","Livagen 20mg","imported-livagen-20mg","research","Research Peptide","20","IMP-0162","1","imported-livagen-20mg","livagen.jpg","placeholder"
"Pancragen","Pancragen 20mg","imported-pancragen-20mg","research","Research Peptide","20","IMP-0163","1","imported-pancragen-20mg","pancragen.jpg","placeholder"
"Prostamax","Prostamax 20mg","imported-prostamax-20mg","research","Research Peptide","20","IMP-0164","1","imported-prostamax-20mg","prostamax.jpg","placeholder"
"Cartalax","Cartalax 20mg","imported-cartalax-20mg","research","Research Peptide","20","IMP-0165","1","imported-cartalax-20mg","cartalax.jpg","missing-file"
"Chonluten","Chonluten 20mg","imported-chonluten-20mg","research","Research Peptide","20","IMP-0166","1","imported-chonluten-20mg","chonluten.jpg","missing-file"
"Crystagen","Crystagen 20mg","imported-crystagen-20mg","research","Research Peptide","20","IMP-0167","1","imported-crystagen-20mg","crystagen.jpg","missing-file"
"Ovagen","Ovagen 20mg","imported-ovagen-20mg","research","Research Peptide","20","IMP-0168","1","imported-ovagen-20mg","ovagen.jpg","placeholder"
"Vesugen","Vesugen 20mg","imported-vesugen-20mg","research","Research Peptide","20","IMP-0169","1","imported-vesugen-20mg","vesugen.jpg","placeholder"
"Matrixyl","Matrixyl 10mg","imported-matrixyl-10mg","research","Research Peptide","10","IMP-0170","1","imported-matrixyl-10mg","matrixyl.jpg","placeholder"
"PTD‑DBM","PTD‑DBM 5mg","imported-ptd-dbm-5mg","research","Research Peptide","5","IMP-0171","1","imported-ptd-dbm-5mg","ptd-dbm.jpg","placeholder"
"Liraglutide","Liraglutide","imported-liraglutide","research","Research Peptide","5/10/30","IMP-0172","1","imported-liraglutide","liraglutide.jpg","placeholder"
"Triptorelin","Triptorelin 2mg","imported-triptorelin-2mg","research","Research Peptide","2","IMP-0175","1","imported-triptorelin-2mg","triptorelin.jpg","placeholder"